{
  "seller": [
    {
      "id": "4e17",
      "name": "Namesh",
      "password": "yui",
      "email": "namesh@gmail"
    },
    {
      "id": "dbdd",
      "name": "anil",
      "password": "abc",
      "email": "anil@gmail"
    },
    {
      "id": "7f25",
      "name": "test",
      "password": "test",
      "email": "test@gmail.com"
    },
    {
      "id": "8aa1",
      "name": "test2",
      "password": "test2",
      "email": "test2@gmail.com"
    },
    {
      "id": "033c",
      "name": "test3",
      "password": "test3",
      "email": "test3@gmail.com"
    },
    {
      "id": "02c0",
      "name": "tejas1",
      "password": "tejas1",
      "email": "tejas1@gmail"
    },
    {
      "id": "742e",
      "name": "jayu",
      "password": "jayu",
      "email": "jayu@gmail"
    },
    {
      "id": "2a93",
      "name": "namish",
      "password": "namish",
      "email": "namish@gmail"
    },
    {
      "id": "c7d9",
      "name": "ashish",
      "password": "ashish",
      "email": "ashish@gmail"
    },
    {
      "id": "c991",
      "name": "xyz",
      "password": "xyz",
      "email": "xyz@gmail.com"
    },
    {
      "id": "f782",
      "name": "xyz",
      "password": "xyz",
      "email": "xyz@gmail.com"
    },
    {
      "id": "357f",
      "name": "xyz",
      "password": "xyz",
      "email": "xyz@gmail.com"
    },
    {
      "id": "1cda",
      "name": "xyz",
      "password": "xyz",
      "email": "xyz@gmail.com"
    },
    {
      "id": "33b4",
      "name": "xyz",
      "password": "xyz",
      "email": "xyz@gmail.com"
    },
    {
      "id": "6051",
      "name": "tejas22",
      "password": "tejas22",
      "email": "tejas22@gmail.com"
    },
    {
      "id": "c9c9",
      "name": "anirudha",
      "password": "anirudha",
      "email": "anirudha@gmail.com"
    },
    {
      "id": "752b",
      "email": "tejas",
      "password": "123"
    },
    {
      "id": "347d",
      "email": "tejas",
      "password": "123"
    },
    {
      "id": "808f",
      "name": "",
      "password": "",
      "email": ""
    },
    {
      "id": "2aa2",
      "name": "",
      "password": "",
      "email": ""
    },
    {
      "id": "9570",
      "name": "",
      "password": "",
      "email": ""
    },
    {
      "id": "ccf1",
      "name": "",
      "password": "",
      "email": ""
    },
    {
      "id": "5cca",
      "name": "",
      "password": "",
      "email": ""
    },
    {
      "id": "e6f7",
      "name": "",
      "password": "",
      "email": ""
    },
    {
      "id": "b133",
      "name": "",
      "password": "",
      "email": ""
    },
    {
      "id": "d0d5",
      "name": "",
      "password": "",
      "email": ""
    },
    {
      "id": "50e4",
      "name": "",
      "password": "",
      "email": ""
    }
  ],
  "products": [
    {
      "id": "34f7",
      "name": "aplle",
      "price": "20",
      "category": "food",
      "description": "it is an fruit",
      "color": "red",
      "image": "https://www.shutterstock.com/image-photo/red-apple-isolated-on-white-600nw-1727544364.jpg"
    }
  ]
}